{
  "channels": [
    "https://repo.anaconda.com/pkgs/main"
  ],
  "conda_build_version": "3.23.1",
  "conda_version": "22.9.0",
  "dev_url": "https://github.com/pytorch/vision",
  "doc_url": "https://pytorch.org/docs/stable/index.html",
  "env_vars": {
    "CIO_TEST": "<not set>"
  },
  "extra": {
    "copy_test_source_files": true,
    "final": true,
    "flow_run_id": "88edc4ca-7adf-488f-938e-86098415287c",
    "recipe-maintainers": [
      "katietz",
      "jjhelmus",
      "nehaljwani"
    ],
    "remote_url": "git@github.com:AnacondaRecipes/torchvision-feedstock.git",
    "sha": "ab55d8e06810ec2ab7fb77e039516e33a6d08078"
  },
  "home": "https://pytorch.org/",
  "identifiers": [],
  "keywords": [],
  "license": "BSD-3-Clause",
  "license_family": "BSD",
  "license_file": "LICENSE",
  "license_url": "https://github.com/pytorch/vision/blob/main/LICENSE",
  "root_pkgs": [
    "abs-sdk 0.1.0+196.g2a73ac0 py_0",
    "aiobotocore 2.4.0 py39haa95532_0",
    "aiohttp 3.8.1 py39h2bbff1b_1",
    "aioitertools 0.7.1 pyhd3eb1b0_0",
    "aiosignal 1.2.0 pyhd3eb1b0_0",
    "anaconda-client 1.11.0 py39haa95532_0",
    "appdirs 1.4.4 pyhd3eb1b0_0",
    "asn1crypto 1.5.1 py39haa95532_0",
    "async-timeout 4.0.2 py39haa95532_0",
    "attrs 22.1.0 py39haa95532_0",
    "beautifulsoup4 4.11.1 py39haa95532_0",
    "boto3 1.24.28 py39haa95532_0",
    "botocore 1.27.59 py39haa95532_0",
    "brotlipy 0.7.0 py39h2bbff1b_1003",
    "bzip2 1.0.8 he774522_0",
    "ca-certificates 2022.10.11 haa95532_0",
    "certifi 2022.9.24 py39haa95532_0",
    "cffi 1.15.1 py39h2bbff1b_2",
    "chardet 4.0.0 py39haa95532_1003",
    "charset-normalizer 2.0.4 pyhd3eb1b0_0",
    "click 8.0.4 py39haa95532_0",
    "cloudpickle 2.0.0 pyhd3eb1b0_0",
    "clyent 1.2.2 py39haa95532_1",
    "colorama 0.4.5 py39haa95532_0",
    "conda 22.9.0 py39haa95532_0",
    "conda-build 3.23.1 py39haa95532_0",
    "conda-package-handling 1.9.0 py39h8cc25b3_0",
    "console_shortcut 0.1.1 4",
    "croniter 0.3.35 py_0",
    "cryptography 38.0.1 py39h21b164f_0",
    "dask-core 2022.7.0 py39haa95532_0",
    "datadog 0.42.0 pyhd3eb1b0_0",
    "deprecated 1.2.13 py39haa95532_0",
    "distributed 2022.7.0 py39haa95532_0",
    "docker-py 4.4.1 py39haa95532_5",
    "docker-pycreds 0.4.0 pyhd3eb1b0_0",
    "filelock 3.6.0 pyhd3eb1b0_0",
    "frozenlist 1.2.0 py39h2bbff1b_0",
    "fsspec 2022.10.0 py39haa95532_0",
    "gitdb 4.0.7 pyhd3eb1b0_0",
    "gitpython 3.1.18 pyhd3eb1b0_1",
    "glob2 0.7 pyhd3eb1b0_0",
    "heapdict 1.0.1 pyhd3eb1b0_0",
    "idna 3.4 py39haa95532_0",
    "importlib_resources 5.2.0 pyhd3eb1b0_1",
    "jinja2 2.11.3 pyhd3eb1b0_0",
    "jmespath 0.10.0 pyhd3eb1b0_0",
    "jsonschema 4.16.0 py39haa95532_0",
    "jupyter_core 4.11.2 py39haa95532_0",
    "libarchive 3.6.1 hebabd0d_0",
    "libiconv 1.16 h2bbff1b_2",
    "liblief 0.11.5 hd77b12b_1",
    "libxml2 2.9.14 h0ad7f3c_0",
    "locket 1.0.0 py39haa95532_0",
    "lz4-c 1.9.3 h2bbff1b_1",
    "m2-msys2-runtime 2.5.0.17080.65c939c 3",
    "m2-patch 2.7.5 2",
    "markupsafe 2.0.1 py39h2bbff1b_0",
    "marshmallow 3.12.2 pyhd3eb1b0_0",
    "marshmallow-oneofschema 3.0.1 py39haa95532_0",
    "menuinst 1.4.19 py39h59b6b97_0",
    "msgpack-python 1.0.3 py39h59b6b97_0",
    "msys2-conda-epoch 20160418 1",
    "multidict 6.0.2 py39h2bbff1b_0",
    "mypy_extensions 0.4.3 py39haa95532_1",
    "natsort 7.1.1 pyhd3eb1b0_0",
    "nbformat 5.5.0 py39haa95532_0",
    "openssl 1.1.1s h2bbff1b_0",
    "packaging 21.3 pyhd3eb1b0_0",
    "partd 1.2.0 pyhd3eb1b0_1",
    "pendulum 2.1.2 pyhd3eb1b0_1",
    "pip 22.2.2 py39haa95532_0",
    "pkginfo 1.8.3 py39haa95532_0",
    "powershell_shortcut 0.0.1 3",
    "prefect 1.4.0 pyhd3eb1b0_0",
    "psutil 5.9.0 py39h2bbff1b_0",
    "py-lief 0.11.5 py39hd77b12b_1",
    "pycosat 0.6.4 py39h2bbff1b_0",
    "pycparser 2.21 pyhd3eb1b0_0",
    "pydantic 1.10.2 py39h2bbff1b_0",
    "pygithub 1.55 pyhd3eb1b0_1",
    "pyjwt 2.4.0 py39haa95532_0",
    "pynacl 1.5.0 py39h8cc25b3_0",
    "pyopenssl 22.0.0 pyhd3eb1b0_0",
    "pyparsing 3.0.9 py39haa95532_0",
    "pyrsistent 0.18.0 py39h196d8e1_0",
    "pysocks 1.7.1 py39haa95532_0",
    "python 3.9.15 h6244533_2",
    "python-box 5.4.1 pyhd3eb1b0_0",
    "python-dateutil 2.8.2 pyhd3eb1b0_0",
    "python-fastjsonschema 2.16.2 py39haa95532_0",
    "python-json-logger 2.0.1 py_0",
    "python-libarchive-c 2.9 pyhd3eb1b0_1",
    "python-slugify 5.0.2 pyhd3eb1b0_0",
    "pytz 2022.1 py39haa95532_0",
    "pytzdata 2020.1 pyhd3eb1b0_0",
    "pywin32 228 py39hbaba5e8_1",
    "pyyaml 6.0 py39h2bbff1b_1",
    "requests 2.28.1 py39haa95532_0",
    "ruamel.yaml 0.17.21 py39h2bbff1b_0",
    "ruamel.yaml.clib 0.2.6 py39h2bbff1b_1",
    "ruamel_yaml 0.15.100 py39h2bbff1b_0",
    "s3transfer 0.6.0 py39haa95532_0",
    "setuptools 65.5.0 py39haa95532_0",
    "six 1.16.0 pyhd3eb1b0_1",
    "smmap 4.0.0 pyhd3eb1b0_0",
    "sortedcontainers 2.4.0 pyhd3eb1b0_0",
    "soupsieve 2.3.2.post1 py39haa95532_0",
    "sqlite 3.40.0 h2bbff1b_0",
    "tabulate 0.8.10 py39haa95532_0",
    "tblib 1.7.0 pyhd3eb1b0_0",
    "text-unidecode 1.3 pyhd3eb1b0_0",
    "toml 0.10.2 pyhd3eb1b0_0",
    "toolz 0.12.0 py39haa95532_0",
    "tornado 6.1 py39h2bbff1b_0",
    "tqdm 4.64.1 py39haa95532_0",
    "traitlets 5.1.1 pyhd3eb1b0_0",
    "typing-extensions 4.3.0 py39haa95532_0",
    "typing_extensions 4.3.0 py39haa95532_0",
    "tzdata 2022f h04d1e81_0",
    "unidecode 1.2.0 pyhd3eb1b0_0",
    "urllib3 1.26.12 py39haa95532_0",
    "vc 14.2 h21ff451_1",
    "vs2015_runtime 14.27.29016 h5e58377_2",
    "websocket-client 0.58.0 py39haa95532_4",
    "wheel 0.37.1 pyhd3eb1b0_0",
    "wincertstore 0.2 py39haa95532_2",
    "win_inet_pton 1.1.0 py39haa95532_0",
    "wrapt 1.14.1 py39h2bbff1b_0",
    "xz 5.2.6 h8cc25b3_0",
    "yaml 0.2.5 he774522_0",
    "yarl 1.8.1 py39h2bbff1b_0",
    "zict 2.1.0 py39haa95532_0",
    "zipp 3.8.0 py39haa95532_0",
    "zlib 1.2.13 h8cc25b3_0",
    "zstd 1.5.2 h19a0ad4_0"
  ],
  "summary": "Image and video datasets and models for torch deep learning",
  "tags": []
}