{
  "arch": "x86_64",
  "build": "cpu_py310h378ed51_0",
  "build_number": 0,
  "depends": [
    "libpng >=1.6.37,<1.7.0a0",
    "numpy >=1.21.2,<2.0a0",
    "pillow >=5.3.0,!=8.3.*",
    "python >=3.10,<3.11.0a0",
    "pytorch",
    "requests",
    "setuptools",
    "typing_extensions",
    "vc >=14.2,<15.0a0",
    "vs2015_runtime >=14.27.29016,<15.0a0"
  ],
  "license": "BSD-3-Clause",
  "license_family": "BSD",
  "name": "torchvision",
  "platform": "win",
  "subdir": "win-64",
  "timestamp": 1670315546199,
  "version": "0.13.1"
}