{
  "paths": [
    {
      "_path": "Lib/site-packages/torchvision-0.13.1a0.dist-info/INSTALLER",
      "path_type": "hardlink",
      "sha256": "d0edee15f91b406f3f99726e44eb990be6e34fd0345b52b910c568e0eef6a2a8",
      "size_in_bytes": 5
    },
    {
      "_path": "Lib/site-packages/torchvision-0.13.1a0.dist-info/LICENSE",
      "path_type": "hardlink",
      "sha256": "6502f676851cfe25f8af75531dfb32375b7325b73c37e7b43741fa422893e71d",
      "size_in_bytes": 1517
    },
    {
      "_path": "Lib/site-packages/torchvision-0.13.1a0.dist-info/METADATA",
      "path_type": "hardlink",
      "sha256": "c348cf1d98514221b9df181d88298001d1667f7d63e97a80036ef27878b69819",
      "size_in_bytes": 10748
    },
    {
      "_path": "Lib/site-packages/torchvision-0.13.1a0.dist-info/RECORD",
      "path_type": "hardlink",
      "sha256": "257341d1159a6d09ee367a8aa6f8f9b446d7dd6980b449360578ba1c9e51da3b",
      "size_in_bytes": 23773
    },
    {
      "_path": "Lib/site-packages/torchvision-0.13.1a0.dist-info/REQUESTED",
      "path_type": "hardlink",
      "sha256": "e3b0c44298fc1c149afbf4c8996fb92427ae41e4649b934ca495991b7852b855",
      "size_in_bytes": 0
    },
    {
      "_path": "Lib/site-packages/torchvision-0.13.1a0.dist-info/WHEEL",
      "path_type": "hardlink",
      "sha256": "5b6ea960dec72ec053d63ac348bf6e7607ff99d34a2666262f6dec20ff857203",
      "size_in_bytes": 102
    },
    {
      "_path": "Lib/site-packages/torchvision-0.13.1a0.dist-info/direct_url.json",
      "path_type": "hardlink",
      "sha256": "19773bb8d1c05aadf9751394e6ea91badd335751a04ba1a964f1c1f1d789451f",
      "size_in_bytes": 91
    },
    {
      "_path": "Lib/site-packages/torchvision-0.13.1a0.dist-info/top_level.txt",
      "path_type": "hardlink",
      "sha256": "b9c259a1a96e056f411984f84ee084eb3a1963f26e48fdf4c1b0e1f88469c545",
      "size_in_bytes": 12
    },
    {
      "_path": "Lib/site-packages/torchvision/_C.pyd",
      "path_type": "hardlink",
      "sha256": "96eb8dd2c71d9dd543ec466f8f71edb174957a1c1a81eed54535b29a1f14d150",
      "size_in_bytes": 537088
    },
    {
      "_path": "Lib/site-packages/torchvision/__init__.py",
      "path_type": "hardlink",
      "sha256": "6dee8bbf9522822c58db93e86e04efaec6ac2b685af1b6c2e96046f65fd2c3b3",
      "size_in_bytes": 3026
    },
    {
      "_path": "Lib/site-packages/torchvision/__pycache__/__init__.cpython-310.pyc",
      "path_type": "hardlink",
      "sha256": "d758d2da9d770e376121bb80923ba778139474258a5208f1a91cccb989b44788",
      "size_in_bytes": 3185
    },
    {
      "_path": "Lib/site-packages/torchvision/__pycache__/_internally_replaced_utils.cpython-310.pyc",
      "path_type": "hardlink",
      "sha256": "6d6ed9a80fc8c55e54a22f4e893d0056f7ab01fc25c477e7da8486c928bae73d",
      "size_in_bytes": 1701
    },
    {
      "_path": "Lib/site-packages/torchvision/__pycache__/_utils.cpython-310.pyc",
      "path_type": "hardlink",
      "sha256": "4070628f93c327a87a8c3ade895bfdb9524f51338fd2976a5c14f717bece320c",
      "size_in_bytes": 1411
    },
    {
      "_path": "Lib/site-packages/torchvision/__pycache__/extension.cpython-310.pyc",
      "path_type": "hardlink",
      "sha256": "ee7408c390c565215be1a28a0bdbe9aeffec1e7b4d27a57ae3b1905d33fb66cd",
      "size_in_bytes": 2632
    },
    {
      "_path": "Lib/site-packages/torchvision/__pycache__/utils.cpython-310.pyc",
      "path_type": "hardlink",
      "sha256": "b4a31ffccef8747baa0fdba29d60e3b4a27c889bc2f0d8c71fad85affd7c45cc",
      "size_in_bytes": 18298
    },
    {
      "_path": "Lib/site-packages/torchvision/__pycache__/version.cpython-310.pyc",
      "path_type": "hardlink",
      "sha256": "67898b8d6fd9b16179cf8575fab089c1e86a1e8539d899e8fb275837d2bf7530",
      "size_in_bytes": 287
    },
    {
      "_path": "Lib/site-packages/torchvision/_internally_replaced_utils.py",
      "path_type": "hardlink",
      "sha256": "9501280e0b826cad656b59dee1c90a70ec15c9ed7ac96c3d7255b8e0b1bfaa65",
      "size_in_bytes": 1743
    },
    {
      "_path": "Lib/site-packages/torchvision/_utils.py",
      "path_type": "hardlink",
      "sha256": "dd388c81604b14c2a84edf72d481d94a25b99436a24cf27c51608119f7441a27",
      "size_in_bytes": 934
    },
    {
      "_path": "Lib/site-packages/torchvision/datasets/__init__.py",
      "path_type": "hardlink",
      "sha256": "7f3535f2906bda7a9549b470f80cb69620814cb489e9b8803b4f4ae9fa70ef6f",
      "size_in_bytes": 2554
    },
    {
      "_path": "Lib/site-packages/torchvision/datasets/__pycache__/__init__.cpython-310.pyc",
      "path_type": "hardlink",
      "sha256": "364b50d3cc4159df5bec7f260fad33a487c66dfda25b5f1110c8635abf7b095b",
      "size_in_bytes": 2585
    },
    {
      "_path": "Lib/site-packages/torchvision/datasets/__pycache__/_optical_flow.cpython-310.pyc",
      "path_type": "hardlink",
      "sha256": "7e4b917b3825cccf90f5f7c2c228e950871825a12d9f071711ec56c2a5deac3a",
      "size_in_bytes": 17299
    },
    {
      "_path": "Lib/site-packages/torchvision/datasets/__pycache__/caltech.cpython-310.pyc",
      "path_type": "hardlink",
      "sha256": "9b811ada563ce4404445c625f1184a09eedc7092b4b7aa3773f766cf4416db67",
      "size_in_bytes": 8077
    },
    {
      "_path": "Lib/site-packages/torchvision/datasets/__pycache__/celeba.cpython-310.pyc",
      "path_type": "hardlink",
      "sha256": "5696e25d728e4cd0f52dc8e47ad4f9160913b0313b4fb792e3e91b6861a1fe0d",
      "size_in_bytes": 7139
    },
    {
      "_path": "Lib/site-packages/torchvision/datasets/__pycache__/cifar.cpython-310.pyc",
      "path_type": "hardlink",
      "sha256": "e3e8aedece6e562da6f3dde0add170e29a4dd1e171c3f3eddac7145c7ec03e74",
      "size_in_bytes": 5870
    },
    {
      "_path": "Lib/site-packages/torchvision/datasets/__pycache__/cityscapes.cpython-310.pyc",
      "path_type": "hardlink",
      "sha256": "caaabe4ffcae49bcab3255d64f540167667a1bedcb053bbc293a9b6c8e4186dc",
      "size_in_bytes": 8524
    },
    {
      "_path": "Lib/site-packages/torchvision/datasets/__pycache__/clevr.cpython-310.pyc",
      "path_type": "hardlink",
      "sha256": "b9e30a727082f5644839836deb945f8891f37b51cbe5b0a32ba74a9490e0f942",
      "size_in_bytes": 4098
    },
    {
      "_path": "Lib/site-packages/torchvision/datasets/__pycache__/coco.cpython-310.pyc",
      "path_type": "hardlink",
      "sha256": "086894bfda78efecbbc9b3f6779a9b64d34da89c2e5c94f0261d0ebc2ade2851",
      "size_in_bytes": 4989
    },
    {
      "_path": "Lib/site-packages/torchvision/datasets/__pycache__/country211.cpython-310.pyc",
      "path_type": "hardlink",
      "sha256": "a2935a9b55d906a5301a95f9ed0e3bdaedd5e2fff86e96261404ce39f04cdeb4",
      "size_in_bytes": 2770
    },
    {
      "_path": "Lib/site-packages/torchvision/datasets/__pycache__/dtd.cpython-310.pyc",
      "path_type": "hardlink",
      "sha256": "c5842480f2fc46b2b0b41dca2033916c32271d38ac7670952b2f4028c97a97b1",
      "size_in_bytes": 4268
    },
    {
      "_path": "Lib/site-packages/torchvision/datasets/__pycache__/eurosat.cpython-310.pyc",
      "path_type": "hardlink",
      "sha256": "9a0d6274076808b7e231d93e7956603b48b86b275e62a657cb65156f6dac80c7",
      "size_in_bytes": 2433
    },
    {
      "_path": "Lib/site-packages/torchvision/datasets/__pycache__/fakedata.cpython-310.pyc",
      "path_type": "hardlink",
      "sha256": "006182b1a9af2884662d589f1c01588c3d3821a5e2d02b935863d06d64dc43bc",
      "size_in_bytes": 2643
    },
    {
      "_path": "Lib/site-packages/torchvision/datasets/__pycache__/fer2013.cpython-310.pyc",
      "path_type": "hardlink",
      "sha256": "9737bc00120f8935582e535958cff092ab2d06a8cab943ea08922d46d8b410d9",
      "size_in_bytes": 3283
    },
    {
      "_path": "Lib/site-packages/torchvision/datasets/__pycache__/fgvc_aircraft.cpython-310.pyc",
      "path_type": "hardlink",
      "sha256": "5601b4dbec06b51197cd4967624d48e04adbae93a016d2efec4ea04530a6a56f",
      "size_in_bytes": 4789
    },
    {
      "_path": "Lib/site-packages/torchvision/datasets/__pycache__/flickr.cpython-310.pyc",
      "path_type": "hardlink",
      "sha256": "49edfa17dd7a8b2e203926ffaf5a08662eb837d1ccb42b9404a6aab36aa3035a",
      "size_in_bytes": 5200
    },
    {
      "_path": "Lib/site-packages/torchvision/datasets/__pycache__/flowers102.cpython-310.pyc",
      "path_type": "hardlink",
      "sha256": "7844be67efda7a5b3bd4d4744c2017043309e3a068dd930c07ff2733cf696aab",
      "size_in_bytes": 4568
    },
    {
      "_path": "Lib/site-packages/torchvision/datasets/__pycache__/folder.cpython-310.pyc",
      "path_type": "hardlink",
      "sha256": "c838540fca618b1ef8a314c2b56ebf79f84b28b9c19cae112f71dd6fab22b4e1",
      "size_in_bytes": 11478
    },
    {
      "_path": "Lib/site-packages/torchvision/datasets/__pycache__/food101.cpython-310.pyc",
      "path_type": "hardlink",
      "sha256": "ab1537150e4b21666181edad7ef6cace97a4bd229a1a464fc381ec609c7df0cc",
      "size_in_bytes": 4339
    },
    {
      "_path": "Lib/site-packages/torchvision/datasets/__pycache__/gtsrb.cpython-310.pyc",
      "path_type": "hardlink",
      "sha256": "f402558dd2183ff3e351344e4a582886128d4dda4b72cbc68f66aa5d9d94da97",
      "size_in_bytes": 3733
    },
    {
      "_path": "Lib/site-packages/torchvision/datasets/__pycache__/hmdb51.cpython-310.pyc",
      "path_type": "hardlink",
      "sha256": "5bfb700c2de538acb38569d24f4fe735447eafe70d2503037b8f3cd2f113de95",
      "size_in_bytes": 5677
    },
    {
      "_path": "Lib/site-packages/torchvision/datasets/__pycache__/imagenet.cpython-310.pyc",
      "path_type": "hardlink",
      "sha256": "973e665ba3cc90e45bc9178aa767fab10df999c2608fc33707cba0a7d35c7279",
      "size_in_bytes": 9621
    },
    {
      "_path": "Lib/site-packages/torchvision/datasets/__pycache__/inaturalist.cpython-310.pyc",
      "path_type": "hardlink",
      "sha256": "1367e78c110c7cfd49514412a9994ad2a0947ea000b96e436d0593afe3d288d3",
      "size_in_bytes": 8531
    },
    {
      "_path": "Lib/site-packages/torchvision/datasets/__pycache__/kinetics.cpython-310.pyc",
      "path_type": "hardlink",
      "sha256": "7aeef0c0c7825a970112a89c275f2f46b97797cbe1bd6eb9f19c9ff7b3ae8180",
      "size_in_bytes": 12948
    },
    {
      "_path": "Lib/site-packages/torchvision/datasets/__pycache__/kitti.cpython-310.pyc",
      "path_type": "hardlink",
      "sha256": "0f6911c587c8d71e14e67f65b6dccb75ea186a3b00dc8f2cff155837d36bc011",
      "size_in_bytes": 5882
    },
    {
      "_path": "Lib/site-packages/torchvision/datasets/__pycache__/lfw.cpython-310.pyc",
      "path_type": "hardlink",
      "sha256": "4cbca1489aa40f112c55645770a5b19c257c87f2599ae99da3f80987150b7a91",
      "size_in_bytes": 10387
    },
    {
      "_path": "Lib/site-packages/torchvision/datasets/__pycache__/lsun.cpython-310.pyc",
      "path_type": "hardlink",
      "sha256": "9d619b1eedce524c2770688f6c439e00023bbd59cb26016c3a97d71d52f1371a",
      "size_in_bytes": 5840
    },
    {
      "_path": "Lib/site-packages/torchvision/datasets/__pycache__/mnist.cpython-310.pyc",
      "path_type": "hardlink",
      "sha256": "2f730e502889801abbac08449b7c4cc3b1f07036d4ca02f3db1c6a1e7b671a2b",
      "size_in_bytes": 20963
    },
    {
      "_path": "Lib/site-packages/torchvision/datasets/__pycache__/omniglot.cpython-310.pyc",
      "path_type": "hardlink",
      "sha256": "481940da0d6b3991cd09053fcf131aa5d437e0a1f8419971f0c9458fffb5bfae",
      "size_in_bytes": 4673
    },
    {
      "_path": "Lib/site-packages/torchvision/datasets/__pycache__/oxford_iiit_pet.cpython-310.pyc",
      "path_type": "hardlink",
      "sha256": "bf368b24400b9b5f2c54c7b443623ecaf2c6ebcd9db80c989ac2227c4f55ccc5",
      "size_in_bytes": 5633
    },
    {
      "_path": "Lib/site-packages/torchvision/datasets/__pycache__/pcam.cpython-310.pyc",
      "path_type": "hardlink",
      "sha256": "3082f69448675434dbd03b1cfb4d5ca258ccdf099a90e7ac88113429de88c29b",
      "size_in_bytes": 4796
    },
    {
      "_path": "Lib/site-packages/torchvision/datasets/__pycache__/phototour.cpython-310.pyc",
      "path_type": "hardlink",
      "sha256": "7e098a8917012dcc249dce396436c10c543ced0b68cef9d3454880a361c3808d",
      "size_in_bytes": 7830
    },
    {
      "_path": "Lib/site-packages/torchvision/datasets/__pycache__/places365.cpython-310.pyc",
      "path_type": "hardlink",
      "sha256": "bb35884cf601115bf3771f3704420c268a7f9c1631e774c6340b10f5e9576893",
      "size_in_bytes": 7872
    },
    {
      "_path": "Lib/site-packages/torchvision/datasets/__pycache__/rendered_sst2.cpython-310.pyc",
      "path_type": "hardlink",
      "sha256": "3460c4061696a9631dc0bd0a2ed205d5f67ef2d623ee6a1dd715bbd24bb4282c",
      "size_in_bytes": 4000
    },
    {
      "_path": "Lib/site-packages/torchvision/datasets/__pycache__/sbd.cpython-310.pyc",
      "path_type": "hardlink",
      "sha256": "4662724471f0c4c85afff4dc50015976caa6330912dd461450a76c21bc81743c",
      "size_in_bytes": 5950
    },
    {
      "_path": "Lib/site-packages/torchvision/datasets/__pycache__/sbu.cpython-310.pyc",
      "path_type": "hardlink",
      "sha256": "50bdacd79133cbbb308ef4ceb02f1b932f5826d61bcf8a5eb8e29ff552e5914b",
      "size_in_bytes": 3959
    },
    {
      "_path": "Lib/site-packages/torchvision/datasets/__pycache__/semeion.cpython-310.pyc",
      "path_type": "hardlink",
      "sha256": "f18ab60ca95f875f12b8a172741e7a3d22f62c539e566992928df95eab737090",
      "size_in_bytes": 3304
    },
    {
      "_path": "Lib/site-packages/torchvision/datasets/__pycache__/stanford_cars.cpython-310.pyc",
      "path_type": "hardlink",
      "sha256": "f665d60cabb4dc9e8c7c6373066fb8cfd278a0e77cb9154d79c1398fbde8a821",
      "size_in_bytes": 4731
    },
    {
      "_path": "Lib/site-packages/torchvision/datasets/__pycache__/stl10.cpython-310.pyc",
      "path_type": "hardlink",
      "sha256": "67a5ffa6792e6c334203b6d8316bbc932301f9ab2e529cf03a0c8bc751dbc24b",
      "size_in_bytes": 6597
    },
    {
      "_path": "Lib/site-packages/torchvision/datasets/__pycache__/sun397.cpython-310.pyc",
      "path_type": "hardlink",
      "sha256": "31823b26ae7782f38ce499225d455232d8f3dd804f9525a88ca42e7750ab49cc",
      "size_in_bytes": 3389
    },
    {
      "_path": "Lib/site-packages/torchvision/datasets/__pycache__/svhn.cpython-310.pyc",
      "path_type": "hardlink",
      "sha256": "fa65e560901dad58591cb6942ddf2729f0e0484418bcbe1d06dffd23509375e6",
      "size_in_bytes": 4339
    },
    {
      "_path": "Lib/site-packages/torchvision/datasets/__pycache__/ucf101.cpython-310.pyc",
      "path_type": "hardlink",
      "sha256": "0a3745c0ed3d778608ecc95f1bfc4c215e848c69eb0a58f70f92f8ba2a8b4efc",
      "size_in_bytes": 5827
    },
    {
      "_path": "Lib/site-packages/torchvision/datasets/__pycache__/usps.cpython-310.pyc",
      "path_type": "hardlink",
      "sha256": "f10ba40b1bad5d1f85af0398482fb199f0cc097f332a6a5c5ee02cb8f16785b0",
      "size_in_bytes": 3980
    },
    {
      "_path": "Lib/site-packages/torchvision/datasets/__pycache__/utils.cpython-310.pyc",
      "path_type": "hardlink",
      "sha256": "793ec218657a411050a71cb5dde9c1652a5ba895c47a1c3c580d031bc4823e88",
      "size_in_bytes": 15221
    },
    {
      "_path": "Lib/site-packages/torchvision/datasets/__pycache__/video_utils.cpython-310.pyc",
      "path_type": "hardlink",
      "sha256": "192e7b37e5977946ce77b992faf7246631829fec54cb92e75a505fab7ecd0659",
      "size_in_bytes": 13712
    },
    {
      "_path": "Lib/site-packages/torchvision/datasets/__pycache__/vision.cpython-310.pyc",
      "path_type": "hardlink",
      "sha256": "72c9bb13039dcb9da2d72a5b17933e22b8e82a49766fbb33952bf8ff64dee792",
      "size_in_bytes": 4862
    },
    {
      "_path": "Lib/site-packages/torchvision/datasets/__pycache__/voc.cpython-310.pyc",
      "path_type": "hardlink",
      "sha256": "8ec077544ac4fe399c280b19b1d2a041d68f46568f53c0fced1d6200dae595f5",
      "size_in_bytes": 9077
    },
    {
      "_path": "Lib/site-packages/torchvision/datasets/__pycache__/widerface.cpython-310.pyc",
      "path_type": "hardlink",
      "sha256": "d281376e5b18dc39e385a5df489d8d9dcfc58486ed6f565f583e7de3c7aef0f9",
      "size_in_bytes": 6722
    },
    {
      "_path": "Lib/site-packages/torchvision/datasets/_optical_flow.py",
      "path_type": "hardlink",
      "sha256": "2a6034e9afd226e29baaacdfb1aa8bef1c951ffc283622da76e783c9d6cea41f",
      "size_in_bytes": 19330
    },
    {
      "_path": "Lib/site-packages/torchvision/datasets/caltech.py",
      "path_type": "hardlink",
      "sha256": "ac4bab66896d686b86f2d20e28b4e4d160f1edab6c7b21db3306135dd1d2e874",
      "size_in_bytes": 8738
    },
    {
      "_path": "Lib/site-packages/torchvision/datasets/celeba.py",
      "path_type": "hardlink",
      "sha256": "3b37b98dd0b0b170afdd790d3f03fc5ddbd61e5c4dceaf3f0749217130af934d",
      "size_in_bytes": 8297
    },
    {
      "_path": "Lib/site-packages/torchvision/datasets/cifar.py",
      "path_type": "hardlink",
      "sha256": "760b972e50880b40c48ce167e07ef4b93835fbecac15851437738e8ab7362e31",
      "size_in_bytes": 5851
    },
    {
      "_path": "Lib/site-packages/torchvision/datasets/cityscapes.py",
      "path_type": "hardlink",
      "sha256": "286aa6726f9591d133630895ca0762bb5da76b2d1cf995d44fd776aa431026e7",
      "size_in_bytes": 10237
    },
    {
      "_path": "Lib/site-packages/torchvision/datasets/clevr.py",
      "path_type": "hardlink",
      "sha256": "8eb3986b2504d732320aff7f220ed729c357c445486be262bac9bd9002ab8210",
      "size_in_bytes": 3416
    },
    {
      "_path": "Lib/site-packages/torchvision/datasets/coco.py",
      "path_type": "hardlink",
      "sha256": "0820b2c3ca0a5e1bf15bce46e6977f450d369aef2a34917c5d56799a2c49ffb8",
      "size_in_bytes": 3972
    },
    {
      "_path": "Lib/site-packages/torchvision/datasets/country211.py",
      "path_type": "hardlink",
      "sha256": "d64f9f5b5722c658e848264a0ad90d53468e4ed4efb4ed3e5b84e7ca7fafd3b8",
      "size_in_bytes": 2408
    },
    {
      "_path": "Lib/site-packages/torchvision/datasets/dtd.py",
      "path_type": "hardlink",
      "sha256": "59b1f6deb578e685b0739253a26e4a210c4db881dcd98b6b9c13918c7d6dc732",
      "size_in_bytes": 3939
    },
    {
      "_path": "Lib/site-packages/torchvision/datasets/eurosat.py",
      "path_type": "hardlink",
      "sha256": "71fd1113a8b99e0bbd72e2858f5e3ea2483b6e62ede150bee6fd5f455774aad8",
      "size_in_bytes": 2053
    },
    {
      "_path": "Lib/site-packages/torchvision/datasets/fakedata.py",
      "path_type": "hardlink",
      "sha256": "548c58cdca0dc2d813181b11f5dddd9a960984903ade24cfbcc44ea87b170669",
      "size_in_bytes": 2481
    },
    {
      "_path": "Lib/site-packages/torchvision/datasets/fer2013.py",
      "path_type": "hardlink",
      "sha256": "b6c2ab341f87533d290856e9393840ef57b57df65e06b4cfb42258d549e15650",
      "size_in_bytes": 2762
    },
    {
      "_path": "Lib/site-packages/torchvision/datasets/fgvc_aircraft.py",
      "path_type": "hardlink",
      "sha256": "f5bfad1c4b2ec720a1bd5cde37b76ff63e106dd8c97ba964937530c1b4c344fe",
      "size_in_bytes": 4561
    },
    {
      "_path": "Lib/site-packages/torchvision/datasets/flickr.py",
      "path_type": "hardlink",
      "sha256": "eeeec828473e29ac1194a57640a76b6c6f970844d1eeac05e6e4dfa7bbcd3a44",
      "size_in_bytes": 5339
    },
    {
      "_path": "Lib/site-packages/torchvision/datasets/flowers102.py",
      "path_type": "hardlink",
      "sha256": "408fe57f85054ca22d1319668efb2fbac0812e53ee71dffbde5b07fd61bb687f",
      "size_in_bytes": 4600
    },
    {
      "_path": "Lib/site-packages/torchvision/datasets/folder.py",
      "path_type": "hardlink",
      "sha256": "9d7f314fbc30f58a6a7a8da88fa313cd3860e57a4f331912a872fa6a8c1f114b",
      "size_in_bytes": 11928
    },
    {
      "_path": "Lib/site-packages/torchvision/datasets/food101.py",
      "path_type": "hardlink",
      "sha256": "bce7cc8e9ce09dac0af238218ca23c1c16c906195bd65002ff6dff64c72ee109",
      "size_in_bytes": 3713
    },
    {
      "_path": "Lib/site-packages/torchvision/datasets/gtsrb.py",
      "path_type": "hardlink",
      "sha256": "375ed1aba2105f8a0f100b60f9536ac6fefcf48852ac52865a67d602e7a3d544",
      "size_in_bytes": 3742
    },
    {
      "_path": "Lib/site-packages/torchvision/datasets/hmdb51.py",
      "path_type": "hardlink",
      "sha256": "69a64a7af07b541aeb1639356393c96699b1346334bee138c402f0196d2fe918",
      "size_in_bytes": 5910
    },
    {
      "_path": "Lib/site-packages/torchvision/datasets/imagenet.py",
      "path_type": "hardlink",
      "sha256": "47df730e2e2cbff3dfb78a9396cf2e6888fc284c0b14e829922c6ae699066960",
      "size_in_bytes": 8130
    },
    {
      "_path": "Lib/site-packages/torchvision/datasets/inaturalist.py",
      "path_type": "hardlink",
      "sha256": "04dbaa3ff3f50372fbcda7e35fe807eb4329e3936387f31871418289ac6538da",
      "size_in_bytes": 10107
    },
    {
      "_path": "Lib/site-packages/torchvision/datasets/kinetics.py",
      "path_type": "hardlink",
      "sha256": "ea345ddaeabc3605a548b4f7efe1fe9508f8a115a9ec332567525aa804ab5454",
      "size_in_bytes": 13462
    },
    {
      "_path": "Lib/site-packages/torchvision/datasets/kitti.py",
      "path_type": "hardlink",
      "sha256": "a44df0e0322908b4f83814bdee31103693498d6b9251a2688bd3d7fe95b816fd",
      "size_in_bytes": 5600
    },
    {
      "_path": "Lib/site-packages/torchvision/datasets/lfw.py",
      "path_type": "hardlink",
      "sha256": "e8744d8cb340d2acc0993295337e974e2662c2afd57b45ab230057eb80e46109",
      "size_in_bytes": 10282
    },
    {
      "_path": "Lib/site-packages/torchvision/datasets/lsun.py",
      "path_type": "hardlink",
      "sha256": "7edf8a4fe42abddbaaccc7b6bbbf11fb7b8647eebe89873f3c0a3e0a89d950e4",
      "size_in_bytes": 5675
    },
    {
      "_path": "Lib/site-packages/torchvision/datasets/mnist.py",
      "path_type": "hardlink",
      "sha256": "eb802c9da16d86a517f5400e187859ccd9efa1664103f4e1f52e691fa39cd913",
      "size_in_bytes": 21268
    },
    {
      "_path": "Lib/site-packages/torchvision/datasets/omniglot.py",
      "path_type": "hardlink",
      "sha256": "0dd43f7ae1a3e5aeab1e026017c8507e59776aa586efb0aac7f408f9b671abdf",
      "size_in_bytes": 4091
    },
    {
      "_path": "Lib/site-packages/torchvision/datasets/oxford_iiit_pet.py",
      "path_type": "hardlink",
      "sha256": "5e83a592beb1024622a1db147052c60c93898f0b7c7fafcbf80f45b6c6dd5b6e",
      "size_in_bytes": 5071
    },
    {
      "_path": "Lib/site-packages/torchvision/datasets/pcam.py",
      "path_type": "hardlink",
      "sha256": "e69ac31a3e2122cfffbe16935c6227c458fd2d0bc18f240cf50dd88a3971af56",
      "size_in_bytes": 5115
    },
    {
      "_path": "Lib/site-packages/torchvision/datasets/phototour.py",
      "path_type": "hardlink",
      "sha256": "d1b2c1870239943e5f997c84b4a156d164c2dd74369519b8df7fbc73463f6540",
      "size_in_bytes": 7924
    },
    {
      "_path": "Lib/site-packages/torchvision/datasets/places365.py",
      "path_type": "hardlink",
      "sha256": "90a597b25baec581e8e11d170adddbafa3edfe0b3ae38bb9bcd5c87015569e67",
      "size_in_bytes": 7201
    },
    {
      "_path": "Lib/site-packages/torchvision/datasets/rendered_sst2.py",
      "path_type": "hardlink",
      "sha256": "02540ce702fbe1d7e1e941b5089e59db89c4ef706dface5c0050762b1d4ab9cd",
      "size_in_bytes": 3557
    },
    {
      "_path": "Lib/site-packages/torchvision/datasets/samplers/__init__.py",
      "path_type": "hardlink",
      "sha256": "c6d556ca98e49534df0fa001a943cb06af2633a4c1e0b3c1856b9be0ab7f0341",
      "size_in_bytes": 161
    },
    {
      "_path": "Lib/site-packages/torchvision/datasets/samplers/__pycache__/__init__.cpython-310.pyc",
      "path_type": "hardlink",
      "sha256": "b7dcb884d364daa1dd76ee679474f72f2289e6968e1867e297d63ef72bd3338b",
      "size_in_bytes": 279
    },
    {
      "_path": "Lib/site-packages/torchvision/datasets/samplers/__pycache__/clip_sampler.cpython-310.pyc",
      "path_type": "hardlink",
      "sha256": "6235f53a1da65376fbff483215b905279b82fd3fd16ff4994a9bca2075354625",
      "size_in_bytes": 6194
    },
    {
      "_path": "Lib/site-packages/torchvision/datasets/samplers/clip_sampler.py",
      "path_type": "hardlink",
      "sha256": "6b4d8090151445974f81e4a1080dfd897ace60ff416c577a3f417f6aee08c206",
      "size_in_bytes": 6244
    },
    {
      "_path": "Lib/site-packages/torchvision/datasets/sbd.py",
      "path_type": "hardlink",
      "sha256": "950ddb11f4e613431991a3e45776fdf45c20189ccbb906f6abbb39e5ef351752",
      "size_in_bytes": 5202
    },
    {
      "_path": "Lib/site-packages/torchvision/datasets/sbu.py",
      "path_type": "hardlink",
      "sha256": "1641f2bf4586ff083a2d9d509880521a34868699de9a0ec30277355b3a38599e",
      "size_in_bytes": 4203
    },
    {
      "_path": "Lib/site-packages/torchvision/datasets/semeion.py",
      "path_type": "hardlink",
      "sha256": "db95ca2a41358971cffed0fe204d246284b1484fd5b2fb1f74711aab53c31389",
      "size_in_bytes": 3088
    },
    {
      "_path": "Lib/site-packages/torchvision/datasets/stanford_cars.py",
      "path_type": "hardlink",
      "sha256": "c5de39a1711f21cf3fa49831dfc57c3ccd46949eb239a980c8250d0e005c44dc",
      "size_in_bytes": 4843
    },
    {
      "_path": "Lib/site-packages/torchvision/datasets/stl10.py",
      "path_type": "hardlink",
      "sha256": "1737a5ae9820156343cbaeb7c9789bff9b6844356812bf95e132bc323d816dd6",
      "size_in_bytes": 7294
    },
    {
      "_path": "Lib/site-packages/torchvision/datasets/sun397.py",
      "path_type": "hardlink",
      "sha256": "6cbfe54c9a1061e4b958a14397f49ced559f9195e14ce13d312de4109dab00ee",
      "size_in_bytes": 2743
    },
    {
      "_path": "Lib/site-packages/torchvision/datasets/svhn.py",
      "path_type": "hardlink",
      "sha256": "76a669ca847eaa11a76b39a3781ba9f0802f3426506ed6fb1ceb765060f60402",
      "size_in_bytes": 4766
    },
    {
      "_path": "Lib/site-packages/torchvision/datasets/ucf101.py",
      "path_type": "hardlink",
      "sha256": "fe0496a7e1c59219b2ff7a760e63116cc09630b75072f9087dd001b756ffb07a",
      "size_in_bytes": 5472
    },
    {
      "_path": "Lib/site-packages/torchvision/datasets/usps.py",
      "path_type": "hardlink",
      "sha256": "b25a215d8c01cc842d05dde276898dea14a7f14d71ddd941ea7981a3f570d98b",
      "size_in_bytes": 3440
    },
    {
      "_path": "Lib/site-packages/torchvision/datasets/utils.py",
      "path_type": "hardlink",
      "sha256": "96dc043dcc82cac4a2bc9940ddb927536c10acdf0a306845a02930d1c78e5449",
      "size_in_bytes": 17320
    },
    {
      "_path": "Lib/site-packages/torchvision/datasets/video_utils.py",
      "path_type": "hardlink",
      "sha256": "e16f98a8b8d6f09bb8762d85f40c698921eadbe0470b4e02c525e5f0d29b01b7",
      "size_in_bytes": 16984
    },
    {
      "_path": "Lib/site-packages/torchvision/datasets/vision.py",
      "path_type": "hardlink",
      "sha256": "566966774d76f36cbcaa8a999d4dace96c75f84542254cef1b94bb711c72361f",
      "size_in_bytes": 4170
    },
    {
      "_path": "Lib/site-packages/torchvision/datasets/voc.py",
      "path_type": "hardlink",
      "sha256": "0a2e3a19150426de0f0fb7f24557750a59ca31597249e905817a21c64272e80d",
      "size_in_bytes": 9343
    },
    {
      "_path": "Lib/site-packages/torchvision/datasets/widerface.py",
      "path_type": "hardlink",
      "sha256": "1f88b8dcd82426712beea09b6e3a317228efcb1bba89d626048a4309f22b8f4d",
      "size_in_bytes": 8082
    },
    {
      "_path": "Lib/site-packages/torchvision/extension.py",
      "path_type": "hardlink",
      "sha256": "66d5fe53be974d76bef06f7d2ea91aef1aeded8d79abe3d43804b0716a9b6b18",
      "size_in_bytes": 3097
    },
    {
      "_path": "Lib/site-packages/torchvision/image.pyd",
      "path_type": "hardlink",
      "sha256": "a19c4540249e1aeb8783592cda2a0287edb4d186f113012cbe9ee96884754cfc",
      "size_in_bytes": 374784
    },
    {
      "_path": "Lib/site-packages/torchvision/io/__init__.py",
      "path_type": "hardlink",
      "sha256": "89d2d49d98e92a28ff1025719033b5001215869c76b195ce8b66cbffe97d50ac",
      "size_in_bytes": 1494
    },
    {
      "_path": "Lib/site-packages/torchvision/io/__pycache__/__init__.cpython-310.pyc",
      "path_type": "hardlink",
      "sha256": "f288cd0f723213a3481e5ce5978fca530a3ff233fcd4f15fee801cdff006ee29",
      "size_in_bytes": 1320
    },
    {
      "_path": "Lib/site-packages/torchvision/io/__pycache__/_load_gpu_decoder.cpython-310.pyc",
      "path_type": "hardlink",
      "sha256": "16c9982bd659f9dc7d4b3407b939c1f42f2f584592b7b99f23afbc9444df2847",
      "size_in_bytes": 306
    },
    {
      "_path": "Lib/site-packages/torchvision/io/__pycache__/_video_opt.cpython-310.pyc",
      "path_type": "hardlink",
      "sha256": "bac80227efb63ef7332c85ed41e9671737f3b7880a4ec014a2ae9c66f578fa06",
      "size_in_bytes": 15450
    },
    {
      "_path": "Lib/site-packages/torchvision/io/__pycache__/image.cpython-310.pyc",
      "path_type": "hardlink",
      "sha256": "175e82bed37ebcd788df5fcc8de5e5cf6d7a366c4e4bbeae21aa3841bf8538f3",
      "size_in_bytes": 9390
    },
    {
      "_path": "Lib/site-packages/torchvision/io/__pycache__/video.cpython-310.pyc",
      "path_type": "hardlink",
      "sha256": "59d0acbc072eff467e7b78d3fe9a28dd29a10bd98b77f906344c3abbb3480246",
      "size_in_bytes": 11578
    },
    {
      "_path": "Lib/site-packages/torchvision/io/__pycache__/video_reader.cpython-310.pyc",
      "path_type": "hardlink",
      "sha256": "19c45b079466e5abbd7b0cb59a56fafed5fc5ca07a82de4f2805cf915c10b041",
      "size_in_bytes": 7031
    },
    {
      "_path": "Lib/site-packages/torchvision/io/_load_gpu_decoder.py",
      "path_type": "hardlink",
      "sha256": "9ef4741c6d01dbe184629162a283c42c83a07cbe97de051eb4f8051ae1f89d6b",
      "size_in_bytes": 174
    },
    {
      "_path": "Lib/site-packages/torchvision/io/_video_opt.py",
      "path_type": "hardlink",
      "sha256": "26ff36f799df61a097a22e6ac76bd0a3cea7b56eb5a90ce15695c8c5064dd9dd",
      "size_in_bytes": 19729
    },
    {
      "_path": "Lib/site-packages/torchvision/io/image.py",
      "path_type": "hardlink",
      "sha256": "2f7f901945482ea368cdac8671448e40a3fc0eb9ed9205d01c9aad40bbf28945",
      "size_in_bytes": 9447
    },
    {
      "_path": "Lib/site-packages/torchvision/io/video.py",
      "path_type": "hardlink",
      "sha256": "d9551e12c39fb8cd918f9eaaf441b0e3f030b8b1a0fc70b459e9f36ad1a5741e",
      "size_in_bytes": 15409
    },
    {
      "_path": "Lib/site-packages/torchvision/io/video_reader.py",
      "path_type": "hardlink",
      "sha256": "07e96ac67601a6fd3606d356a021588ef483f9f1b69d51d1dd991be30806ab65",
      "size_in_bytes": 6651
    },
    {
      "_path": "Lib/site-packages/torchvision/models/__init__.py",
      "path_type": "hardlink",
      "sha256": "aa855522fcc9d1cb8540eef2a45ca4c4b0f2c60a045de1d5b6939c7c420f0666",
      "size_in_bytes": 534
    },
    {
      "_path": "Lib/site-packages/torchvision/models/__pycache__/__init__.cpython-310.pyc",
      "path_type": "hardlink",
      "sha256": "a4f88950ebab4ec83a6e9a64bceb8b74611082679ab043812b19e9e0a3b91e3e",
      "size_in_bytes": 672
    },
    {
      "_path": "Lib/site-packages/torchvision/models/__pycache__/_api.cpython-310.pyc",
      "path_type": "hardlink",
      "sha256": "3532e50654c04e7e57de7b58a126054155b388852b0abdb7af4f3ef91828a117",
      "size_in_bytes": 5566
    },
    {
      "_path": "Lib/site-packages/torchvision/models/__pycache__/_meta.cpython-310.pyc",
      "path_type": "hardlink",
      "sha256": "0746d9df29960ff3ca3845c91daa36d10754ee7697ee96311071afa5aa8d36aa",
      "size_in_bytes": 19408
    },
    {
      "_path": "Lib/site-packages/torchvision/models/__pycache__/_utils.cpython-310.pyc",
      "path_type": "hardlink",
      "sha256": "cb5c35dba66aaf745c595fb0349532a8848ba1b76215c9cb92b6d3536fc7b8eb",
      "size_in_bytes": 9590
    },
    {
      "_path": "Lib/site-packages/torchvision/models/__pycache__/alexnet.cpython-310.pyc",
      "path_type": "hardlink",
      "sha256": "ae4f896495fb198bf227e0f19cefa666a7836f1e471acb3bd70d4618c8a48250",
      "size_in_bytes": 4342
    },
    {
      "_path": "Lib/site-packages/torchvision/models/__pycache__/convnext.cpython-310.pyc",
      "path_type": "hardlink",
      "sha256": "beed9eb2d017e6107461e33ec47b7742eff09817251f12c681c94b9e49c22313",
      "size_in_bytes": 12349
    },
    {
      "_path": "Lib/site-packages/torchvision/models/__pycache__/densenet.cpython-310.pyc",
      "path_type": "hardlink",
      "sha256": "3fcfc95307f8dac71c9e730d081cd7139cbd24f12a01985352b59531963e2ae4",
      "size_in_bytes": 14100
    },
    {
      "_path": "Lib/site-packages/torchvision/models/__pycache__/efficientnet.cpython-310.pyc",
      "path_type": "hardlink",
      "sha256": "90181663c01f9dc89974a4cc03432ddd80457a432c6cf21205def4a14bba922f",
      "size_in_bytes": 29062
    },
    {
      "_path": "Lib/site-packages/torchvision/models/__pycache__/feature_extraction.cpython-310.pyc",
      "path_type": "hardlink",
      "sha256": "83b80c7600d24b6cab85210e3eb800f56bce00071fb8521ab870f780c0315179",
      "size_in_bytes": 20907
    },
    {
      "_path": "Lib/site-packages/torchvision/models/__pycache__/googlenet.cpython-310.pyc",
      "path_type": "hardlink",
      "sha256": "064a4aa2e6428861c203fd1bd90fd7971f12261a2172fbd15a17385adb732a9c",
      "size_in_bytes": 10225
    },
    {
      "_path": "Lib/site-packages/torchvision/models/__pycache__/inception.cpython-310.pyc",
      "path_type": "hardlink",
      "sha256": "589a9d445889ce42b5de203fb94663a8286d661cb110fd415ec0a3ab38071c9b",
      "size_in_bytes": 14394
    },
    {
      "_path": "Lib/site-packages/torchvision/models/__pycache__/mnasnet.cpython-310.pyc",
      "path_type": "hardlink",
      "sha256": "d6187c112f60fee4731aaa0e4050c40fbb064014bf0e89542b248560e997502d",
      "size_in_bytes": 13506
    },
    {
      "_path": "Lib/site-packages/torchvision/models/__pycache__/mobilenet.cpython-310.pyc",
      "path_type": "hardlink",
      "sha256": "75dfd1511e4bc7ef3e9802ea5a0e4a3e8f5cb50187a47c9486250f41345b40da",
      "size_in_bytes": 265
    },
    {
      "_path": "Lib/site-packages/torchvision/models/__pycache__/mobilenetv2.cpython-310.pyc",
      "path_type": "hardlink",
      "sha256": "9e131b683e7df043832f1c71d1e9d29b710e97cf81de0972f5a2cda6f16c7425",
      "size_in_bytes": 8394
    },
    {
      "_path": "Lib/site-packages/torchvision/models/__pycache__/mobilenetv3.cpython-310.pyc",
      "path_type": "hardlink",
      "sha256": "3e93fd8fa72c82e0b2b60940ec036f2694badf437d8e3fbdc4773b65518a13d9",
      "size_in_bytes": 12626
    },
    {
      "_path": "Lib/site-packages/torchvision/models/__pycache__/regnet.cpython-310.pyc",
      "path_type": "hardlink",
      "sha256": "d5f4ea45f3a050817fb05a5305cf5e746176000cad49fefa90905dd65605bae1",
      "size_in_bytes": 37765
    },
    {
      "_path": "Lib/site-packages/torchvision/models/__pycache__/resnet.cpython-310.pyc",
      "path_type": "hardlink",
      "sha256": "993ee233dc4bede78ae61b19c0bc51e0b3a96d93ff6139ba386a06704e40ce6c",
      "size_in_bytes": 25044
    },
    {
      "_path": "Lib/site-packages/torchvision/models/__pycache__/shufflenetv2.cpython-310.pyc",
      "path_type": "hardlink",
      "sha256": "84721ee01d7ca01ec6842a1c26e1cfa0e4b5f953842b356bdd443ee13ce1db83",
      "size_in_bytes": 12328
    },
    {
      "_path": "Lib/site-packages/torchvision/models/__pycache__/squeezenet.cpython-310.pyc",
      "path_type": "hardlink",
      "sha256": "b3e198993e3a314c9eb8ba714fe02709204a5e76afb4a07f9bdbe42afab242ba",
      "size_in_bytes": 7311
    },
    {
      "_path": "Lib/site-packages/torchvision/models/__pycache__/swin_transformer.cpython-310.pyc",
      "path_type": "hardlink",
      "sha256": "ceafa0cd045ed198aa0ab07a7467eb68a086e6451c38d727427ace9f41c2d54b",
      "size_in_bytes": 18180
    },
    {
      "_path": "Lib/site-packages/torchvision/models/__pycache__/vgg.cpython-310.pyc",
      "path_type": "hardlink",
      "sha256": "8e4f4da1ff5fdebf2a76062e323f8516627d589cd3ff2552a661ff3b297564ac",
      "size_in_bytes": 15263
    },
    {
      "_path": "Lib/site-packages/torchvision/models/__pycache__/vision_transformer.cpython-310.pyc",
      "path_type": "hardlink",
      "sha256": "5f38d423a81869d37d707019fadf39a546d172a1028b091d42ebcfed0e13b049",
      "size_in_bytes": 20844
    },
    {
      "_path": "Lib/site-packages/torchvision/models/_api.py",
      "path_type": "hardlink",
      "sha256": "82978b24e3183eb29066c63bd6c2d4859365ca2df656f9978d87948ace48e088",
      "size_in_bytes": 5231
    },
    {
      "_path": "Lib/site-packages/torchvision/models/_meta.py",
      "path_type": "hardlink",
      "sha256": "7eaa5e401b1ff441186e602943c4342cac8cf7f505c238ab7882399b00dbc096",
      "size_in_bytes": 28875
    },
    {
      "_path": "Lib/site-packages/torchvision/models/_utils.py",
      "path_type": "hardlink",
      "sha256": "0419f7c20579a7da79d0cb3a94a9fb1459206d1efe98cad155a1b528146874ae",
      "size_in_bytes": 10863
    },
    {
      "_path": "Lib/site-packages/torchvision/models/alexnet.py",
      "path_type": "hardlink",
      "sha256": "df9b339746ac745f14e9294979c1c066251bda1fda5617fb383d861ed191e3e0",
      "size_in_bytes": 4589
    },
    {
      "_path": "Lib/site-packages/torchvision/models/convnext.py",
      "path_type": "hardlink",
      "sha256": "69b0ba6f790402acf89f428424b96028f836b223a3658ffce0ca41a6f1a1efbc",
      "size_in_bytes": 14971
    },
    {
      "_path": "Lib/site-packages/torchvision/models/densenet.py",
      "path_type": "hardlink",
      "sha256": "5de4aecb4edb5bfd147e7a29d555974d6979e4627c059733c7a752019eb573f7",
      "size_in_bytes": 16864
    },
    {
      "_path": "Lib/site-packages/torchvision/models/detection/__init__.py",
      "path_type": "hardlink",
      "sha256": "270626fdf4c63bf15e460e1e4ce40bc103d9f650bd8e1799f90128260a8a4e38",
      "size_in_bytes": 168
    },
    {
      "_path": "Lib/site-packages/torchvision/models/detection/__pycache__/__init__.cpython-310.pyc",
      "path_type": "hardlink",
      "sha256": "eb1e51eb9cb4f1533ca6b028a79f4c34523754bbd0a0e111a8cbb8dd8a6e0ccd",
      "size_in_bytes": 296
    },
    {
      "_path": "Lib/site-packages/torchvision/models/detection/__pycache__/_utils.cpython-310.pyc",
      "path_type": "hardlink",
      "sha256": "0e891806666a313f85222ae267b44f27c996f77a1b64151092c028d4ed6ef97b",
      "size_in_bytes": 18286
    },
    {
      "_path": "Lib/site-packages/torchvision/models/detection/__pycache__/anchor_utils.cpython-310.pyc",
      "path_type": "hardlink",
      "sha256": "16f319df2842fc6689f9ca9c1c3ec970b447f85e7b11e6478498c43822f62ed7",
      "size_in_bytes": 10573
    },
    {
      "_path": "Lib/site-packages/torchvision/models/detection/__pycache__/backbone_utils.cpython-310.pyc",
      "path_type": "hardlink",
      "sha256": "8f95e03a05f308e34dd2de80da6963b776c2a24503df34b5f774010faf0a3a2c",
      "size_in_bytes": 9211
    },
    {
      "_path": "Lib/site-packages/torchvision/models/detection/__pycache__/faster_rcnn.cpython-310.pyc",
      "path_type": "hardlink",
      "sha256": "3cc3996d0ecd44509b1a84db6c3f4576f6a8ebf1150eacaa09fae0b82d65fbb5",
      "size_in_bytes": 30186
    },
    {
      "_path": "Lib/site-packages/torchvision/models/detection/__pycache__/fcos.cpython-310.pyc",
      "path_type": "hardlink",
      "sha256": "7bdbeca2d81e64b26d0c8622548efe03b4b42b13993940877ed5be237a723341",
      "size_in_bytes": 26181
    },
    {
      "_path": "Lib/site-packages/torchvision/models/detection/__pycache__/generalized_rcnn.cpython-310.pyc",
      "path_type": "hardlink",
      "sha256": "b463f0004e5ce48c3aba0fd7a60b661f18a78bc366d953626646fb5d97e32880",
      "size_in_bytes": 3757
    },
    {
      "_path": "Lib/site-packages/torchvision/models/detection/__pycache__/image_list.cpython-310.pyc",
      "path_type": "hardlink",
      "sha256": "fe99e8440e8e1affcaf2fb55875ae2e6e932a6f61413eade884a60b1a615b4a9",
      "size_in_bytes": 1220
    },
    {
      "_path": "Lib/site-packages/torchvision/models/detection/__pycache__/keypoint_rcnn.cpython-310.pyc",
      "path_type": "hardlink",
      "sha256": "702ddb11c55b984ac113d12c01b3443305964f9f40e6faa68290fb0f8fb70f28",
      "size_in_bytes": 19568
    },
    {
      "_path": "Lib/site-packages/torchvision/models/detection/__pycache__/mask_rcnn.cpython-310.pyc",
      "path_type": "hardlink",
      "sha256": "ff0e583ca460c267e82948c80d0b2c1fa63189569e68446ce3e76925188517dc",
      "size_in_bytes": 22562
    },
    {
      "_path": "Lib/site-packages/torchvision/models/detection/__pycache__/retinanet.cpython-310.pyc",
      "path_type": "hardlink",
      "sha256": "226ecf8cd52ecf5f136db36548f4a2cabcd2f4149c02b234230fe3f91ddc10a1",
      "size_in_bytes": 27610
    },
    {
      "_path": "Lib/site-packages/torchvision/models/detection/__pycache__/roi_heads.cpython-310.pyc",
      "path_type": "hardlink",
      "sha256": "55748bc2e78907e0706a98cbc6d5a2a74856ff20bedb67aa556bb0ecb2a6620d",
      "size_in_bytes": 22070
    },
    {
      "_path": "Lib/site-packages/torchvision/models/detection/__pycache__/rpn.cpython-310.pyc",
      "path_type": "hardlink",
      "sha256": "4df78db0a1be61b931b7a7327df66af297685c3f515167bae6f18bc35707fc34",
      "size_in_bytes": 11728
    },
    {
      "_path": "Lib/site-packages/torchvision/models/detection/__pycache__/ssd.cpython-310.pyc",
      "path_type": "hardlink",
      "sha256": "e0f7371128972d77e5828bac6aa68c657af6cafd56320ed26a4640ea1f428837",
      "size_in_bytes": 22153
    },
    {
      "_path": "Lib/site-packages/torchvision/models/detection/__pycache__/ssdlite.cpython-310.pyc",
      "path_type": "hardlink",
      "sha256": "571f5ab1600a91d6847c617c27da0a33b660bcfcd75ccd5a9dfd952072509e1e",
      "size_in_bytes": 11366
    },
    {
      "_path": "Lib/site-packages/torchvision/models/detection/__pycache__/transform.cpython-310.pyc",
      "path_type": "hardlink",
      "sha256": "efed2faf4ffa09ae7222db85726bdb699454e182532e8bfba0dbb3a08cc48189",
      "size_in_bytes": 9847
    },
    {
      "_path": "Lib/site-packages/torchvision/models/detection/_utils.py",
      "path_type": "hardlink",
      "sha256": "e056cb46d0e23dd3ca6420a17e24badbc68876609bb75d548cc3988a50226ad1",
      "size_in_bytes": 22061
    },
    {
      "_path": "Lib/site-packages/torchvision/models/detection/anchor_utils.py",
      "path_type": "hardlink",
      "sha256": "9b96ae554a1f1c077ddb9a2b58531a373354e097491b3bf2996e78f3a23afcf7",
      "size_in_bytes": 11822
    },
    {
      "_path": "Lib/site-packages/torchvision/models/detection/backbone_utils.py",
      "path_type": "hardlink",
      "sha256": "9e3c0d5a5278d745311a162ca5ced9902cb5fc01970d781ed12d9b574b20421e",
      "size_in_bytes": 10464
    },
    {
      "_path": "Lib/site-packages/torchvision/models/detection/faster_rcnn.py",
      "path_type": "hardlink",
      "sha256": "3510aba8692f0fdb0c1f62cfe441c33132b3e25ab9e92eb3a5c1569caf0e781e",
      "size_in_bytes": 36633
    },
    {
      "_path": "Lib/site-packages/torchvision/models/detection/fcos.py",
      "path_type": "hardlink",
      "sha256": "f831700ad1d4256b5944799c5840b1b4f51317e5eb0bd1455bdada7f1de22c94",
      "size_in_bytes": 34341
    },
    {
      "_path": "Lib/site-packages/torchvision/models/detection/generalized_rcnn.py",
      "path_type": "hardlink",
      "sha256": "beecdcbfd34d0bfd8f1838415b41198b376ff3291b50d0ebeeefc00b0a16656c",
      "size_in_bytes": 4743
    },
    {
      "_path": "Lib/site-packages/torchvision/models/detection/image_list.py",
      "path_type": "hardlink",
      "sha256": "494277c4c9fed7173a8af61950d21d581877447f710fc12d09da6c5e73c8fe23",
      "size_in_bytes": 783
    },
    {
      "_path": "Lib/site-packages/torchvision/models/detection/keypoint_rcnn.py",
      "path_type": "hardlink",
      "sha256": "1bca89c9bad1611168f24ac21739cae8e76c1b509f09c4cd30530baaed9ea08a",
      "size_in_bytes": 22001
    },
    {
      "_path": "Lib/site-packages/torchvision/models/detection/mask_rcnn.py",
      "path_type": "hardlink",
      "sha256": "0435b7fc229d8fce7764098c31c55e590abb563c4c230b4e26cf4d05788aa93e",
      "size_in_bytes": 26337
    },
    {
      "_path": "Lib/site-packages/torchvision/models/detection/retinanet.py",
      "path_type": "hardlink",
      "sha256": "92e430646efbd3bf30fb2fcc69cc17805c515b5d58cea01947adc95c83b75beb",
      "size_in_bytes": 36928
    },
    {
      "_path": "Lib/site-packages/torchvision/models/detection/roi_heads.py",
      "path_type": "hardlink",
      "sha256": "14ee3654faf3fb9c966385a133c74db8dedff61a703c1718ed24a7fa4a1ac323",
      "size_in_bytes": 33822
    },
    {
      "_path": "Lib/site-packages/torchvision/models/detection/rpn.py",
      "path_type": "hardlink",
      "sha256": "10d8b082f45e236e48eb59e15bda465c853a12d302506b5fab671c00c2fe7997",
      "size_in_bytes": 15818
    },
    {
      "_path": "Lib/site-packages/torchvision/models/detection/ssd.py",
      "path_type": "hardlink",
      "sha256": "154f202c4465618c40b38b9fbe8f00664bac8fab6a5e1b290ddb6ce5c6c5f1f1",
      "size_in_bytes": 29565
    },
    {
      "_path": "Lib/site-packages/torchvision/models/detection/ssdlite.py",
      "path_type": "hardlink",
      "sha256": "81675a7e6af7509f5f1154f25bf65178213398611a8884e101380ff85da23fc6",
      "size_in_bytes": 13345
    },
    {
      "_path": "Lib/site-packages/torchvision/models/detection/transform.py",
      "path_type": "hardlink",
      "sha256": "f295739b9cb502deef5e2f99e45a687c2d48d8a275807cba86849d9b02604997",
      "size_in_bytes": 11839
    },
    {
      "_path": "Lib/site-packages/torchvision/models/efficientnet.py",
      "path_type": "hardlink",
      "sha256": "a50b9e74eac155ef12dfecc9ed06effda0ec476d6708e5095550257da24ac714",
      "size_in_bytes": 42915
    },
    {
      "_path": "Lib/site-packages/torchvision/models/feature_extraction.py",
      "path_type": "hardlink",
      "sha256": "4adc12b3c68158719c14f9e8fb6c484bdaee87a3e21d6c3d582743386c99cf96",
      "size_in_bytes": 25588
    },
    {
      "_path": "Lib/site-packages/torchvision/models/googlenet.py",
      "path_type": "hardlink",
      "sha256": "038f3be093ad3d78339e416eb31b9ad7a5f5b375cbebc636a593ed854780750d",
      "size_in_bytes": 12955
    },
    {
      "_path": "Lib/site-packages/torchvision/models/inception.py",
      "path_type": "hardlink",
      "sha256": "a93ad6217eb63f66078e06608e46aceeb171883870b3660aa98c188e9f6f6785",
      "size_in_bytes": 19015
    },
    {
      "_path": "Lib/site-packages/torchvision/models/mnasnet.py",
      "path_type": "hardlink",
      "sha256": "5497d340b0a7d347c7ddefffe64a6830cd9006293ff7f9addd06e5592f119533",
      "size_in_bytes": 17245
    },
    {
      "_path": "Lib/site-packages/torchvision/models/mobilenet.py",
      "path_type": "hardlink",
      "sha256": "952455c70d932f72c507009a76fcaf1fa9f71b3a944e72b6fab857dcc3a04abb",
      "size_in_bytes": 211
    },
    {
      "_path": "Lib/site-packages/torchvision/models/mobilenetv2.py",
      "path_type": "hardlink",
      "sha256": "af977bbced1f53f367ef426451d0d943a86d6997db7cf1005f10c3b801b3ce5a",
      "size_in_bytes": 10452
    },
    {
      "_path": "Lib/site-packages/torchvision/models/mobilenetv3.py",
      "path_type": "hardlink",
      "sha256": "8c1b44ff31b1161941f19e92395d49a10ce1f42a8023f866737346395b92682e",
      "size_in_bytes": 16942
    },
    {
      "_path": "Lib/site-packages/torchvision/models/optical_flow/__init__.py",
      "path_type": "hardlink",
      "sha256": "d334653164090a316aa1469f5175603bcf7ecfb7a6eed002a3d13c8474aaf514",
      "size_in_bytes": 20
    },
    {
      "_path": "Lib/site-packages/torchvision/models/optical_flow/__pycache__/__init__.cpython-310.pyc",
      "path_type": "hardlink",
      "sha256": "ead86b5325f9471e171987ebc456151e37dec35d1872af9f642e051d11228834",
      "size_in_bytes": 175
    },
    {
      "_path": "Lib/site-packages/torchvision/models/optical_flow/__pycache__/_utils.cpython-310.pyc",
      "path_type": "hardlink",
      "sha256": "c01258577287a86d8f606348939862aab1465be787eb43c9a5f4ad6b9f3584ba",
      "size_in_bytes": 2010
    },
    {
      "_path": "Lib/site-packages/torchvision/models/optical_flow/__pycache__/raft.cpython-310.pyc",
      "path_type": "hardlink",
      "sha256": "2e7c399d073a053f6b7f1163476dc85897dd95263273ca61b2b2096ad955e03a",
      "size_in_bytes": 27127
    },
    {
      "_path": "Lib/site-packages/torchvision/models/optical_flow/_utils.py",
      "path_type": "hardlink",
      "sha256": "506958fd1f059e58f3e1f1608b33560b2e2c1809daae10a3b931542d76b0a806",
      "size_in_bytes": 1798
    },
    {
      "_path": "Lib/site-packages/torchvision/models/optical_flow/raft.py",
      "path_type": "hardlink",
      "sha256": "9d52b7ec9908a3558e8f71a79da030f9924a1e525a75e963991e64b1e973aeb5",
      "size_in_bytes": 38251
    },
    {
      "_path": "Lib/site-packages/torchvision/models/quantization/__init__.py",
      "path_type": "hardlink",
      "sha256": "82a14cef32385141ca2810c902e9a8cce9fbc4f2f426dbf2352f048f3e905e9d",
      "size_in_bytes": 125
    },
    {
      "_path": "Lib/site-packages/torchvision/models/quantization/__pycache__/__init__.cpython-310.pyc",
      "path_type": "hardlink",
      "sha256": "569af909d56ac5b98d4830653727f05ee108a9bd836cac7a00e4d3eca27c25f1",
      "size_in_bytes": 264
    },
    {
      "_path": "Lib/site-packages/torchvision/models/quantization/__pycache__/googlenet.cpython-310.pyc",
      "path_type": "hardlink",
      "sha256": "c49247e25abcbcf111acf1db439db24ac8c502f709d168a8ef2283703fc05c12",
      "size_in_bytes": 8050
    },
    {
      "_path": "Lib/site-packages/torchvision/models/quantization/__pycache__/inception.cpython-310.pyc",
      "path_type": "hardlink",
      "sha256": "1cd314c3a085e3ca70fef3acd09e62a8cf706faa326e7eb288e5d9f1af207f8b",
      "size_in_bytes": 10485
    },
    {
      "_path": "Lib/site-packages/torchvision/models/quantization/__pycache__/mobilenet.cpython-310.pyc",
      "path_type": "hardlink",
      "sha256": "295c1cb17d3f3398daed49d46007ee3b6fd119198f2de913502119598953fd5c",
      "size_in_bytes": 278
    },
    {
      "_path": "Lib/site-packages/torchvision/models/quantization/__pycache__/mobilenetv2.cpython-310.pyc",
      "path_type": "hardlink",
      "sha256": "5ca3b2b20590363a3df30402d2a6c794d31e900c4b8337e4a0aded0905e6740b",
      "size_in_bytes": 6196
    },
    {
      "_path": "Lib/site-packages/torchvision/models/quantization/__pycache__/mobilenetv3.cpython-310.pyc",
      "path_type": "hardlink",
      "sha256": "c4d20d56f90c9bedcbb20b3db4cbecf8da4f26017f15b0bceb8d78111a15eab4",
      "size_in_bytes": 8566
    },
    {
      "_path": "Lib/site-packages/torchvision/models/quantization/__pycache__/resnet.cpython-310.pyc",
      "path_type": "hardlink",
      "sha256": "fe19a4a8cdcfc6f58d094a219a674820e514a5e7bb881e978ac57ebceb6d56ba",
      "size_in_bytes": 14791
    },
    {
      "_path": "Lib/site-packages/torchvision/models/quantization/__pycache__/shufflenetv2.cpython-310.pyc",
      "path_type": "hardlink",
      "sha256": "7da8c5e76a8de5a80431e32b923b4a16038163260e6a7aa7acb826f8ec472235",
      "size_in_bytes": 14088
    },
    {
      "_path": "Lib/site-packages/torchvision/models/quantization/__pycache__/utils.cpython-310.pyc",
      "path_type": "hardlink",
      "sha256": "c792d556c1b08dc315ab5bb1ce3f9cf0b9da79d9a1ec9e183105e7eb05321751",
      "size_in_bytes": 1701
    },
    {
      "_path": "Lib/site-packages/torchvision/models/quantization/googlenet.py",
      "path_type": "hardlink",
      "sha256": "9bca0c87797bd5ad3a9bbf54e2447c9284f39e0dc28f689b0c5eb067571df00a",
      "size_in_bytes": 8322
    },
    {
      "_path": "Lib/site-packages/torchvision/models/quantization/inception.py",
      "path_type": "hardlink",
      "sha256": "7fa94e667ff5e8f02b1c2a14ffa4deaabeaa2f9c4a52f3de0b87e08de7f2e474",
      "size_in_bytes": 11199
    },
    {
      "_path": "Lib/site-packages/torchvision/models/quantization/mobilenet.py",
      "path_type": "hardlink",
      "sha256": "952455c70d932f72c507009a76fcaf1fa9f71b3a944e72b6fab857dcc3a04abb",
      "size_in_bytes": 211
    },
    {
      "_path": "Lib/site-packages/torchvision/models/quantization/mobilenetv2.py",
      "path_type": "hardlink",
      "sha256": "8c0828089b7e95b054b6c6f069dd313e172d05f54e5dc599afd7747f1447df4e",
      "size_in_bytes": 6067
    },
    {
      "_path": "Lib/site-packages/torchvision/models/quantization/mobilenetv3.py",
      "path_type": "hardlink",
      "sha256": "6579103ae4a6d30e6f4650af1eb8746312899a976dbe8945403ed88a13ed8111",
      "size_in_bytes": 9402
    },
    {
      "_path": "Lib/site-packages/torchvision/models/quantization/resnet.py",
      "path_type": "hardlink",
      "sha256": "581deb7b8eba3b5b5141bb5e8149e5036b0290a84e890429f56fec39c6c5e2ed",
      "size_in_bytes": 17574
    },
    {
      "_path": "Lib/site-packages/torchvision/models/quantization/shufflenetv2.py",
      "path_type": "hardlink",
      "sha256": "b6c7b4ba4138cd98ccf0ea8f579ae6ed3c02772f7d152aa38180ada3d2c754c4",
      "size_in_bytes": 16323
    },
    {
      "_path": "Lib/site-packages/torchvision/models/quantization/utils.py",
      "path_type": "hardlink",
      "sha256": "9fc996b0af7f124fccd80a8628f2e82e570a698187d8fac5da5e7f5bce2804c9",
      "size_in_bytes": 2058
    },
    {
      "_path": "Lib/site-packages/torchvision/models/regnet.py",
      "path_type": "hardlink",
      "sha256": "93358ca1e8b91d5a846a3135cfe205f0abb58b25fae0eff31f00cbc9b3895923",
      "size_in_bytes": 63163
    },
    {
      "_path": "Lib/site-packages/torchvision/models/resnet.py",
      "path_type": "hardlink",
      "sha256": "241336c9a0d6ba2980222143d11feb6ce755e3947b835f752ca667dbacd77e88",
      "size_in_bytes": 38326
    },
    {
      "_path": "Lib/site-packages/torchvision/models/segmentation/__init__.py",
      "path_type": "hardlink",
      "sha256": "4c693a51d55700cb7006961a96bbdd5d99e64b0ab34c3393d6580aadfce11eb4",
      "size_in_bytes": 66
    },
    {
      "_path": "Lib/site-packages/torchvision/models/segmentation/__pycache__/__init__.cpython-310.pyc",
      "path_type": "hardlink",
      "sha256": "a0c34b9b3c688a5bd19f9de8ce6fcb28821a8fad573a19024d323cfd794247ba",
      "size_in_bytes": 213
    },
    {
      "_path": "Lib/site-packages/torchvision/models/segmentation/__pycache__/_utils.cpython-310.pyc",
      "path_type": "hardlink",
      "sha256": "4450d34cf6064df3897107366b03557e3707859a4071be07450b6e7af55e263e",
      "size_in_bytes": 1413
    },
    {
      "_path": "Lib/site-packages/torchvision/models/segmentation/__pycache__/deeplabv3.cpython-310.pyc",
      "path_type": "hardlink",
      "sha256": "70243ca93ab8082c527491412099c4e272d43f038937edd639c1e70ba579ec9e",
      "size_in_bytes": 12208
    },
    {
      "_path": "Lib/site-packages/torchvision/models/segmentation/__pycache__/fcn.cpython-310.pyc",
      "path_type": "hardlink",
      "sha256": "b2a1b807a1065013019cae5b7ff1882ac2b80283cfa0e71b0364c1db84ab751e",
      "size_in_bytes": 7606
    },
    {
      "_path": "Lib/site-packages/torchvision/models/segmentation/__pycache__/lraspp.cpython-310.pyc",
      "path_type": "hardlink",
      "sha256": "236e12127586775d8214eccd31fcc699a0a42d694387f5c66f154281825ce693",
      "size_in_bytes": 7278
    },
    {
      "_path": "Lib/site-packages/torchvision/models/segmentation/__pycache__/segmentation.cpython-310.pyc",
      "path_type": "hardlink",
      "sha256": "e33e7725f3ebb86bb558de26eb3f9f317c83eb2d3e58c1aafacad99c14f4a869",
      "size_in_bytes": 402
    },
    {
      "_path": "Lib/site-packages/torchvision/models/segmentation/_utils.py",
      "path_type": "hardlink",
      "sha256": "21d1c5d0e4671e28b860f43f48085ed9100498dc0b2fe5b093a054f3a5d7a2ef",
      "size_in_bytes": 1197
    },
    {
      "_path": "Lib/site-packages/torchvision/models/segmentation/deeplabv3.py",
      "path_type": "hardlink",
      "sha256": "35fbf8d62afad0d07cb1e251f8c1500a00c469ffc392ab6754218993dc4ae758",
      "size_in_bytes": 15027
    },
    {
      "_path": "Lib/site-packages/torchvision/models/segmentation/fcn.py",
      "path_type": "hardlink",
      "sha256": "4c3f7e19b05236e8360e65d9240d4b178f9c7ca8c0fc965b864d48dcfeb8a301",
      "size_in_bytes": 9026
    },
    {
      "_path": "Lib/site-packages/torchvision/models/segmentation/lraspp.py",
      "path_type": "hardlink",
      "sha256": "2e105bb639964995ad4c18972d19e0a174d82c98452da612b9a981839c03d2a3",
      "size_in_bytes": 7783
    },
    {
      "_path": "Lib/site-packages/torchvision/models/segmentation/segmentation.py",
      "path_type": "hardlink",
      "sha256": "d00d74fd6fd3fa0698bd7ae4cd3b1f261eaa6a100e77a2e65ace0e51afa215da",
      "size_in_bytes": 301
    },
    {
      "_path": "Lib/site-packages/torchvision/models/shufflenetv2.py",
      "path_type": "hardlink",
      "sha256": "6b19f4b696eae1d41b2c7ae77db74a855793c9ac9e89974f092f4e2414043b65",
      "size_in_bytes": 15468
    },
    {
      "_path": "Lib/site-packages/torchvision/models/squeezenet.py",
      "path_type": "hardlink",
      "sha256": "62ef5928bf1ecacb03ed3aadc9f60c9636e31ade1a5e728c755540750581489e",
      "size_in_bytes": 8866
    },
    {
      "_path": "Lib/site-packages/torchvision/models/swin_transformer.py",
      "path_type": "hardlink",
      "sha256": "b3fde95eadae9ac1e8fe5a10188f57f4aa656abbe67e46540daeb83d5464437f",
      "size_in_bytes": 23290
    },
    {
      "_path": "Lib/site-packages/torchvision/models/vgg.py",
      "path_type": "hardlink",
      "sha256": "5df2a45c92e76f8b7286dd25049a0205229931f0edcc8e61f8a2e612027d227d",
      "size_in_bytes": 19072
    },
    {
      "_path": "Lib/site-packages/torchvision/models/video/__init__.py",
      "path_type": "hardlink",
      "sha256": "acd75be12d21488c103f5cef6cd52d230cd789ca8477bb339affe75fc378703d",
      "size_in_bytes": 22
    },
    {
      "_path": "Lib/site-packages/torchvision/models/video/__pycache__/__init__.cpython-310.pyc",
      "path_type": "hardlink",
      "sha256": "8db8148745dc43f3f3f9fd16989a19f06d91f11f1eb3c0b0319d22609d4415e6",
      "size_in_bytes": 170
    },
    {
      "_path": "Lib/site-packages/torchvision/models/video/__pycache__/resnet.cpython-310.pyc",
      "path_type": "hardlink",
      "sha256": "37a4b686926e6b2dd76157a08b19e2df7d8453a0595e7e36a36dfb959d78f85a",
      "size_in_bytes": 14021
    },
    {
      "_path": "Lib/site-packages/torchvision/models/video/resnet.py",
      "path_type": "hardlink",
      "sha256": "a0d5293a2e2044d9d625b86bf43237d4a4d79388ece0ccd7ae004e81347b8190",
      "size_in_bytes": 16377
    },
    {
      "_path": "Lib/site-packages/torchvision/models/vision_transformer.py",
      "path_type": "hardlink",
      "sha256": "552f88c23c4cb21d50ef311879d3ea15a787ac121bd99fc286fd45412a56fd7b",
      "size_in_bytes": 31638
    },
    {
      "_path": "Lib/site-packages/torchvision/ops/__init__.py",
      "path_type": "hardlink",
      "sha256": "6a0c6bec4a378ae59ab43434225ac6fa74e3d420f43bd28e886bba658fb1f10a",
      "size_in_bytes": 1928
    },
    {
      "_path": "Lib/site-packages/torchvision/ops/__pycache__/__init__.cpython-310.pyc",
      "path_type": "hardlink",
      "sha256": "39ec38e95235ab71a0baecedf153842fd1112e9ba6f3df0f864a9c3dd3821a23",
      "size_in_bytes": 1675
    },
    {
      "_path": "Lib/site-packages/torchvision/ops/__pycache__/_box_convert.cpython-310.pyc",
      "path_type": "hardlink",
      "sha256": "e349fa956e48eadbbbb64aa3f3d230fecf397238d203da0caefb7cd7a2528ff1",
      "size_in_bytes": 2624
    },
    {
      "_path": "Lib/site-packages/torchvision/ops/__pycache__/_register_onnx_ops.cpython-310.pyc",
      "path_type": "hardlink",
      "sha256": "6ed21b3a559a21ef00deb7130211e121aa366dd4c64e3e2341cf699bcc0d179b",
      "size_in_bytes": 2500
    },
    {
      "_path": "Lib/site-packages/torchvision/ops/__pycache__/_utils.cpython-310.pyc",
      "path_type": "hardlink",
      "sha256": "75f6042cf28ab23b4dcdbab4c4d3c54ec6fb36a2d2df62e604b63fef0453daa4",
      "size_in_bytes": 3672
    },
    {
      "_path": "Lib/site-packages/torchvision/ops/__pycache__/boxes.cpython-310.pyc",
      "path_type": "hardlink",
      "sha256": "ad99c2608c36dc490b74b4504305b6c12bf8d2e528c8f3d9ae64036466984e06",
      "size_in_bytes": 13417
    },
    {
      "_path": "Lib/site-packages/torchvision/ops/__pycache__/ciou_loss.cpython-310.pyc",
      "path_type": "hardlink",
      "sha256": "8fd323562eccc5bcb8d94c46665f7084efd981d554d13fda81bf888c20a384f1",
      "size_in_bytes": 2451
    },
    {
      "_path": "Lib/site-packages/torchvision/ops/__pycache__/deform_conv.cpython-310.pyc",
      "path_type": "hardlink",
      "sha256": "b14f976fb394abf81657495f5c21d07981a8a99e8eaffd52dd7154536bb5a71b",
      "size_in_bytes": 6585
    },
    {
      "_path": "Lib/site-packages/torchvision/ops/__pycache__/diou_loss.cpython-310.pyc",
      "path_type": "hardlink",
      "sha256": "e5798ad5e1fd17250656fef676f696722649e1777173f7a9db5c63254af5242e",
      "size_in_bytes": 2717
    },
    {
      "_path": "Lib/site-packages/torchvision/ops/__pycache__/drop_block.cpython-310.pyc",
      "path_type": "hardlink",
      "sha256": "ce0cb3a012bddb793d929ced8311117130f2dfa2b2806d76ef90213dcd4b6c8d",
      "size_in_bytes": 5650
    },
    {
      "_path": "Lib/site-packages/torchvision/ops/__pycache__/feature_pyramid_network.cpython-310.pyc",
      "path_type": "hardlink",
      "sha256": "ee2fc501c6e82940aba776230961a1ea41015886740b3140611e1a032595fc09",
      "size_in_bytes": 8156
    },
    {
      "_path": "Lib/site-packages/torchvision/ops/__pycache__/focal_loss.cpython-310.pyc",
      "path_type": "hardlink",
      "sha256": "4e3e37339309b027c2e20f2d390a6bdd5908d8ed0ceafab1241524457ab86b32",
      "size_in_bytes": 1999
    },
    {
      "_path": "Lib/site-packages/torchvision/ops/__pycache__/giou_loss.cpython-310.pyc",
      "path_type": "hardlink",
      "sha256": "8636c3b6c66c261ea84cef51f8c7ba199198d2445d9defa854d36aa937e83b15",
      "size_in_bytes": 2340
    },
    {
      "_path": "Lib/site-packages/torchvision/ops/__pycache__/misc.cpython-310.pyc",
      "path_type": "hardlink",
      "sha256": "2c5bdc814b9c217c728a9488939421900f0cfcbda997f853a1bb73e3cd2b96d5",
      "size_in_bytes": 11957
    },
    {
      "_path": "Lib/site-packages/torchvision/ops/__pycache__/poolers.cpython-310.pyc",
      "path_type": "hardlink",
      "sha256": "d85eb6a5e7816223984ec8faf58af50df3529d61fcbdd9891ce451640a9f22c9",
      "size_in_bytes": 11170
    },
    {
      "_path": "Lib/site-packages/torchvision/ops/__pycache__/ps_roi_align.cpython-310.pyc",
      "path_type": "hardlink",
      "sha256": "c426daafbe4f3422d5777a971f2233dad9ce74ff0d42f2fae4fcf39023334c92",
      "size_in_bytes": 3871
    },
    {
      "_path": "Lib/site-packages/torchvision/ops/__pycache__/ps_roi_pool.cpython-310.pyc",
      "path_type": "hardlink",
      "sha256": "b379bce92e774a221a0ba11949d006cab0c9ca2893ea24389357fff7c50258ac",
      "size_in_bytes": 3284
    },
    {
      "_path": "Lib/site-packages/torchvision/ops/__pycache__/roi_align.cpython-310.pyc",
      "path_type": "hardlink",
      "sha256": "29e8e0aa12186fd4938bfdd5a0397ca486919ebd2018afd8bc8406582622735d",
      "size_in_bytes": 4370
    },
    {
      "_path": "Lib/site-packages/torchvision/ops/__pycache__/roi_pool.cpython-310.pyc",
      "path_type": "hardlink",
      "sha256": "4dee74230a6eff8527949cd8136d976da7d07c955a3d195f778448d813007806",
      "size_in_bytes": 3332
    },
    {
      "_path": "Lib/site-packages/torchvision/ops/__pycache__/stochastic_depth.cpython-310.pyc",
      "path_type": "hardlink",
      "sha256": "49eb27918e1e345576e2aa428ce31633a07e864e88a1921d26dd7cafae71bc8a",
      "size_in_bytes": 2692
    },
    {
      "_path": "Lib/site-packages/torchvision/ops/_box_convert.py",
      "path_type": "hardlink",
      "sha256": "8af5b75e025844072f6f42414e17987e324daaacfdc0a58915f3e951911ec629",
      "size_in_bytes": 2408
    },
    {
      "_path": "Lib/site-packages/torchvision/ops/_register_onnx_ops.py",
      "path_type": "hardlink",
      "sha256": "4780cffd2dd951b0950599c289126fce01ec7e75ac40fafa2d2ea6047e3170bc",
      "size_in_bytes": 2939
    },
    {
      "_path": "Lib/site-packages/torchvision/ops/_utils.py",
      "path_type": "hardlink",
      "sha256": "a551cfa6c9b1e9771f1a351593e5c012777c409064af0fdc4fa7cefc8c08084e",
      "size_in_bytes": 3630
    },
    {
      "_path": "Lib/site-packages/torchvision/ops/boxes.py",
      "path_type": "hardlink",
      "sha256": "9994dc7b89c8d2e655d8042b22c3944dcf7e803fcad23856ca456bd37d90f636",
      "size_in_bytes": 15497
    },
    {
      "_path": "Lib/site-packages/torchvision/ops/ciou_loss.py",
      "path_type": "hardlink",
      "sha256": "6466960717c581f9ab9134bf0372b1bea9f449f114d430aefd54d2517c8fc2b0",
      "size_in_bytes": 2497
    },
    {
      "_path": "Lib/site-packages/torchvision/ops/deform_conv.py",
      "path_type": "hardlink",
      "sha256": "c628fc64b08cfc5819d3988e5cb6c4de1b079391b9050f6224209e7ec4de7f3a",
      "size_in_bytes": 6990
    },
    {
      "_path": "Lib/site-packages/torchvision/ops/diou_loss.py",
      "path_type": "hardlink",
      "sha256": "b514c8266d06a2aeb912df3e62469138decb6eee41c0302e3816cfaa6c895f3e",
      "size_in_bytes": 3101
    },
    {
      "_path": "Lib/site-packages/torchvision/ops/drop_block.py",
      "path_type": "hardlink",
      "sha256": "69e641802a8cadfa6dbd68313ecab1870d4fa559e6cfd0660a965d5a7e00f0dd",
      "size_in_bytes": 5859
    },
    {
      "_path": "Lib/site-packages/torchvision/ops/feature_pyramid_network.py",
      "path_type": "hardlink",
      "sha256": "9e8fc0e9088e38eb25f382a7d571b001d7a98dc17234a81bd87bacf7e52aac7d",
      "size_in_bytes": 8569
    },
    {
      "_path": "Lib/site-packages/torchvision/ops/focal_loss.py",
      "path_type": "hardlink",
      "sha256": "e179f7a3fe008c403b42dc18c2e9fdd8a1191d237b5521d910c1e708392552df",
      "size_in_bytes": 2000
    },
    {
      "_path": "Lib/site-packages/torchvision/ops/giou_loss.py",
      "path_type": "hardlink",
      "sha256": "b41c5a254cbe328ee07c007a63d1df2374f96f639338dc0ba410dd16d2ec34ea",
      "size_in_bytes": 2436
    },
    {
      "_path": "Lib/site-packages/torchvision/ops/misc.py",
      "path_type": "hardlink",
      "sha256": "0d6fe3a75afad2cf81294873e4aae801899e2cc845493c616b7b40a777881c06",
      "size_in_bytes": 12663
    },
    {
      "_path": "Lib/site-packages/torchvision/ops/poolers.py",
      "path_type": "hardlink",
      "sha256": "ac719956fe8dfbd079ef088e70536afdcaee6e92d850920784d64c3660fc8f02",
      "size_in_bytes": 12765
    },
    {
      "_path": "Lib/site-packages/torchvision/ops/ps_roi_align.py",
      "path_type": "hardlink",
      "sha256": "1d4465043d50e7e8dfa84cab81366278095b5978986ec1957eb93d22c51c4aaf",
      "size_in_bytes": 3594
    },
    {
      "_path": "Lib/site-packages/torchvision/ops/ps_roi_pool.py",
      "path_type": "hardlink",
      "sha256": "f8d795ef973bd4fed042abfb7959029637bc2a68fc0825ba4315627a4087cf2f",
      "size_in_bytes": 2839
    },
    {
      "_path": "Lib/site-packages/torchvision/ops/roi_align.py",
      "path_type": "hardlink",
      "sha256": "1c8d8d4e91a0353654ecb8600d93e03cf86c109b37409f58345ebdc868df2068",
      "size_in_bytes": 4127
    },
    {
      "_path": "Lib/site-packages/torchvision/ops/roi_pool.py",
      "path_type": "hardlink",
      "sha256": "612240eac267029dd6d2b3ca1daa33cefc90259c527325911445dc26d0d1afc3",
      "size_in_bytes": 2891
    },
    {
      "_path": "Lib/site-packages/torchvision/ops/stochastic_depth.py",
      "path_type": "hardlink",
      "sha256": "21267d9e827264bc694c6fb06b65663ecebaaa3855b0fed9c561efba65923f75",
      "size_in_bytes": 2236
    },
    {
      "_path": "Lib/site-packages/torchvision/transforms/__init__.py",
      "path_type": "hardlink",
      "sha256": "10c7ede36075240894d75275af120de199e2b3a1093dba7e6ec1a30331fedb83",
      "size_in_bytes": 53
    },
    {
      "_path": "Lib/site-packages/torchvision/transforms/__pycache__/__init__.cpython-310.pyc",
      "path_type": "hardlink",
      "sha256": "9ccbe6cb9f8629d9c16ea3da73905cdce29aa95aba84ba52877614290f8d5792",
      "size_in_bytes": 195
    },
    {
      "_path": "Lib/site-packages/torchvision/transforms/__pycache__/_functional_video.cpython-310.pyc",
      "path_type": "hardlink",
      "sha256": "596e7417fb7b60a6ba4a8e559dae42e1650ab999482da228b200d560661241c2",
      "size_in_bytes": 4017
    },
    {
      "_path": "Lib/site-packages/torchvision/transforms/__pycache__/_pil_constants.cpython-310.pyc",
      "path_type": "hardlink",
      "sha256": "7c6e74750842e6a05fbfd0c000d9cc43e4e2b92053b0ca612d4dc4b8bf654528",
      "size_in_bytes": 483
    },
    {
      "_path": "Lib/site-packages/torchvision/transforms/__pycache__/_presets.cpython-310.pyc",
      "path_type": "hardlink",
      "sha256": "92fc5de2991495d36a9600fcf9faabdfb3f53c177394b317be1c5ccf5fb09adf",
      "size_in_bytes": 7459
    },
    {
      "_path": "Lib/site-packages/torchvision/transforms/__pycache__/_transforms_video.cpython-310.pyc",
      "path_type": "hardlink",
      "sha256": "9dba21d66a323d0abeea29ca0749a8a231bd78dec337b18fcfcd15771abc8138",
      "size_in_bytes": 6404
    },
    {
      "_path": "Lib/site-packages/torchvision/transforms/__pycache__/autoaugment.cpython-310.pyc",
      "path_type": "hardlink",
      "sha256": "a1516a1690308906b5f859effdca51ded5fe2cff65bc4c4eadb3e85d02bbf632",
      "size_in_bytes": 20084
    },
    {
      "_path": "Lib/site-packages/torchvision/transforms/__pycache__/functional.cpython-310.pyc",
      "path_type": "hardlink",
      "sha256": "28fe2b4db53fc3a7853d57b6a6378fb9c3622c04db7de7d3855ca6c88a846028",
      "size_in_bytes": 52077
    },
    {
      "_path": "Lib/site-packages/torchvision/transforms/__pycache__/functional_pil.cpython-310.pyc",
      "path_type": "hardlink",
      "sha256": "e1db536521efdd836b293aa7839ef249d2fdccac4e93b264d4a59af1d259490a",
      "size_in_bytes": 10376
    },
    {
      "_path": "Lib/site-packages/torchvision/transforms/__pycache__/functional_tensor.cpython-310.pyc",
      "path_type": "hardlink",
      "sha256": "1226e21ac95d1c0f75a081f638030b3bc19faa69a9531820d34e8bd86368de51",
      "size_in_bytes": 25095
    },
    {
      "_path": "Lib/site-packages/torchvision/transforms/__pycache__/transforms.cpython-310.pyc",
      "path_type": "hardlink",
      "sha256": "612014943f173f42947896a4fcfb0906ec75b7d5ede282f0912048c4dbd6097e",
      "size_in_bytes": 78664
    },
    {
      "_path": "Lib/site-packages/torchvision/transforms/_functional_video.py",
      "path_type": "hardlink",
      "sha256": "98e73aa796c65f1acfb0e193b853a09c8a17691c11a7683722470cfe0df39689",
      "size_in_bytes": 3851
    },
    {
      "_path": "Lib/site-packages/torchvision/transforms/_pil_constants.py",
      "path_type": "hardlink",
      "sha256": "946cd909e64931fdf789ac86997d980cbac1e80006567fac92cfc56ce92534b3",
      "size_in_bytes": 818
    },
    {
      "_path": "Lib/site-packages/torchvision/transforms/_presets.py",
      "path_type": "hardlink",
      "sha256": "2ed11799cec30b57643c7bbe5e97738c3adc5584c982fc51e53e2af1e455fe2a",
      "size_in_bytes": 8013
    },
    {
      "_path": "Lib/site-packages/torchvision/transforms/_transforms_video.py",
      "path_type": "hardlink",
      "sha256": "392f9fc15a0e1f7c942a6bc87d06a61ebb7850d9ba6f4089126a99fade393a50",
      "size_in_bytes": 4956
    },
    {
      "_path": "Lib/site-packages/torchvision/transforms/autoaugment.py",
      "path_type": "hardlink",
      "sha256": "63ee32d3c9df829af7f0943e7ce592b735c8966eedfb2c52d7e6113fdf2f753b",
      "size_in_bytes": 28243
    },
    {
      "_path": "Lib/site-packages/torchvision/transforms/functional.py",
      "path_type": "hardlink",
      "sha256": "ac254177805cead0153eb969e53cf10d715819e5d48ba8b310381d089ecfdd46",
      "size_in_bytes": 63349
    },
    {
      "_path": "Lib/site-packages/torchvision/transforms/functional_pil.py",
      "path_type": "hardlink",
      "sha256": "d87669b414efbae564a4b71d150e5b32fec55ed49e53795661fd0847e86e43e0",
      "size_in_bytes": 13279
    },
    {
      "_path": "Lib/site-packages/torchvision/transforms/functional_tensor.py",
      "path_type": "hardlink",
      "sha256": "3af70addec7bae01d86dbe3855d6d294cecc6f68389324fb2a1995d81cde17ef",
      "size_in_bytes": 34350
    },
    {
      "_path": "Lib/site-packages/torchvision/transforms/transforms.py",
      "path_type": "hardlink",
      "sha256": "d75a5752e1a85010fc20b11150a8db27bcf6f21c77c02dc9e572d016be8a2348",
      "size_in_bytes": 81589
    },
    {
      "_path": "Lib/site-packages/torchvision/utils.py",
      "path_type": "hardlink",
      "sha256": "2a9a38239a3900dfeedd0cdbc12d3f98107d931437210fc18cc95c3cd32cc5db",
      "size_in_bytes": 22177
    },
    {
      "_path": "Lib/site-packages/torchvision/version.py",
      "path_type": "hardlink",
      "sha256": "a69d21ccc8b248f905e330b121a3e8de5940d49897aed34df9107990f005f845",
      "size_in_bytes": 171
    }
  ],
  "paths_version": 1
}