{
  "arch": "x86_64",
  "build": "cpu_py310h378ed51_0",
  "build_number": 0,
  "channel": "https://repo.anaconda.com/pkgs/main/win-64",
  "constrains": [],
  "depends": [
    "libpng >=1.6.37,<1.7.0a0",
    "numpy >=1.21.2,<2.0a0",
    "pillow >=5.3.0,!=8.3.*",
    "python >=3.10,<3.11.0a0",
    "pytorch",
    "requests",
    "setuptools",
    "typing_extensions",
    "vc >=14.2,<15.0a0",
    "vs2015_runtime >=14.27.29016,<15.0a0"
  ],
  "features": "",
  "fn": "torchvision-0.13.1-cpu_py310h378ed51_0.conda",
  "legacy_bz2_md5": "5aaf3e71888d69eb3dee9bde3158cf13",
  "license": "BSD-3-Clause",
  "license_family": "BSD",
  "md5": "a595d012815a7485f096532b61534709",
  "name": "torchvision",
  "platform": "win32",
  "sha256": "9028a37c50d563acbc40be020431c706dd2a5f8e255cd2a5ef5fd558b5ee951d",
  "size": 6409626,
  "subdir": "win-64",
  "timestamp": 1670315546199,
  "track_features": "",
  "url": "https://repo.anaconda.com/pkgs/main/win-64/torchvision-0.13.1-cpu_py310h378ed51_0.conda",
  "version": "0.13.1"
}